x,y,vs30,PGA
-6.5,5.5,525,0.6757590410616432
12.0,4.0,525,0.10807327763282118
5.0,-9.0,525,0.17499362442088098
